"title","title_id"
"  Data Scientist

","TI1"
"  Senior Data Scientist

","TI2"
"  Data Science Consultant

","TI3"
"  Data Analyst

","TI4"
"  ERP -SAP Master Data Analyst

","TI5"
"  Data Scientist-Python

","TI6"
"  Data Analyst (Data Science Group)

","TI7"
"  Principal Data Scientist

","TI8"
"  Data Science and Analytics Intern

","TI9"
"  Lead Data Scientist/Machine Learning Engineer - (Relocation Assistance Available)

","TI10"
"  Lead Data Scientist

","TI11"
"  Data Scientist - Computer Vision, Machine Learning, Video Analytics, Perceptive Systems

","TI12"
"  Field Data Scientist

","TI13"
"  BI Data Scientist

","TI14"
"  Data Scientist, Telematics

","TI15"
"  Senior Data Science Consultant

","TI16"
"  Senior / Lead Data Scientist

","TI17"
"  Principal Data Scientist (Media)

","TI18"
"  Data Scientist (2XPQOZ)

","TI19"
"  Marketing Data Analyst

","TI20"
"  Data Scientist (Solution Scientist)

","TI21"
"  Sr. Data Scientist

","TI22"
"  Data Science Application Developer

","TI23"
"  Director of Data Science and Analytics

","TI24"
"  Data Analyst / Dataset Designer

","TI25"
"  Biological Data Scientist

","TI26"
"  Data Scientist 2

","TI27"
"  Data Scientist Consultant - Labs

","TI28"
"  Sr. Director, Data Science

","TI29"
"  SQL Data Analyst

","TI30"
"  Director,  Data Science

","TI31"
"  Workforce Management Data Analyst

","TI32"
"  Data Scientist (Predictive Modeling)

","TI33"
"  Network Data Scientist

","TI34"
"  Senior Sales Executive - Cloud /DevOps/Data Science  & Machine Learning Solutions

","TI35"
"  Data Science Python Engineer

","TI36"
"  Python Developer / Data Scientist

","TI37"
"  Senior / Data Scientist

","TI38"
"  e-Data Analyst, Luxury Portfolio

","TI39"
"  Data Scientist II

","TI40"
"  Data Analyst <89><db><d2> Data Management

","TI41"
"  Associate Data Scientist

","TI42"
"  Sr. Manager, Data Scientist

","TI43"
"  Product Data Scientist

","TI44"
"  Data Scientist & Management Consultant

","TI45"
"  Data Scientist (Cybersecurity, Client Facing/ FinTech Domain)

","TI46"
"  Senior Data Engineer - Big Data

","TI47"
"  Data Engineer / Scientist

","TI48"
"  Data Scientist (PhD Required)

","TI49"
"  Data Scientist - AI Start-UP

","TI50"
"  Principal Data Scientist - Walmart Labs

","TI51"
"  Senior Data Engineer/ Data Scientist

","TI52"
"  Reporting and Data Analyst

","TI53"
"  Senior Data Analyst

","TI54"
"  Data Analyst - Remedy

","TI55"
"  Sr. to Lead Data Scientist - (IoT startup, up to $200k)

","TI56"
"  Senior to Principal data scientist

","TI57"
"  Senior Data Science Actuary

","TI58"
"  Senior ETL Data Analyst

","TI59"
"  Data Science Manager, Programmatic Buying Unit

","TI60"
"  Software Engineer w/ Data Science: PHP, Python & Perl + DB (not DW/BI) + MLP/machine learning/data science; AWS a +

","TI61"
"  Customer Data Analyst

","TI62"
"  Big Data Engineer

","TI63"
"  Data Analyst / SQL Reporting Specialist - Financial Services

","TI64"
"  Application Programmer/Data Analyst

","TI65"
"  Research Associate - Data Science

","TI66"
"  Jr Data Scientist

","TI67"
"  Senior Data Scientist - Finance

","TI68"
"  Head of Data Science

","TI69"
"  Business Data Analyst

","TI70"
"  Data Scientist/Developer

","TI71"
"  Data Analyst - Excel & PowerPoint

","TI72"
"  Data Analyst (Data Science)

","TI73"
"  Data Scientist (NLP Expert)

","TI74"
"  Associate Director, Data Science

","TI75"
"  Data Science

","TI76"
"  Data Mining /Actuarial Analyst

","TI77"
"  Data Scientist (PhD in Econometrics) for a Fortune 500 Company (PhDs only)

","TI78"
"  Financial Data Analyst

","TI79"
"  Data Scientist Manager

","TI80"
"  Sr. Data Scientist - ML and AI

","TI81"
"  Director Data Science

","TI82"
"  Senior Data Analyst - Product and User Insights

","TI83"
"  Big Data NLP and Text Senior Social Scientist-200K plus

","TI84"
"  Oilfield Water Data Scientist

","TI85"
"  Data Science Engineer

","TI86"
"  Data Scientist, Finance

","TI87"
"  Sr. Business/Data Analyst

","TI88"
"  QC Data Review Scientist

","TI89"
"  Customer Success Manager - Enterprise Software - New York Metro - Big Data Company

","TI90"
"  Senior Data Scientist, Revenue Management

","TI91"
"  Senior Big Data Engineer/Analyst

","TI92"
"  VP, Data Scientist

","TI93"
"  Data Analyst I

","TI94"
"  Data Warehouse Developer - Big Data

","TI95"
"  Master Data Analyst

","TI96"
"  IT Big Data Engineer

","TI97"
"  Bioinformatician/Data Scientist 

","TI98"
"  Head of Data Science and Engineering

","TI99"
"  Sr. Data Scientist- Presales

","TI100"
"  756383 Big Data Engineer in Smithfield

","TI101"
"  Market Research Analyst (Quantitative Survey Writer and Data Analyst)

","TI102"
"  Big Data Developer-Principal

","TI103"
"  Sr. Big Data Tester

","TI104"
"  Sr Data Scientist

","TI105"
"  Senior Manager, Data Science Engineering

","TI106"
"  Clinical Data Analyst

","TI107"
"  IT Business / Data Analyst

","TI108"
"  Sr. Manager - Big Data/AWS

","TI109"
"  Sr. Analyst, Data Science

","TI110"
"  Hadoop Big Data Engineer

","TI111"
"  Data Analyst II

","TI112"
"  Advanced Data Analyst

","TI113"
"  Big data scientist

","TI114"
"  TS Cleared Senior Data Scientist

","TI115"
"  Digital Marketing Data Analyst

","TI116"
"  Java and Big Data (Hadoop) Architect

","TI117"
"  Senior Business and Data Analyst - Pharmaceutical Sales/Marketing Data   (Top $$)

","TI118"
"  Big Data Technologist

","TI119"
"  Business Data Analyst - Citizen - 5 Year Minimum

","TI120"
"  Clinical Data Manager / Clinical Data Analyst

","TI121"
"  Director of Data Science

","TI122"
"  Lead Data Science Developer/ML Engineer

","TI123"
"  ETL/BIg data developer

","TI124"
"  Big Data Lead

","TI125"
"  Sr. Big Data Engineer

","TI126"
"  Customer Data Scientist

","TI127"
"  Operations Data Analyst

","TI128"
"  Big Data Architect

","TI129"
"  Business Data Analyst II - Miami, FL - PS11686

","TI130"
"  Principal Data Scientist (Executive Director)

","TI131"
"  Data Science Manager

","TI132"
"  Domain Lead-Marketing Analytics Data Scientist

","TI133"
"  Big Data Engineer using Scala

","TI134"
"  Data Analyst (SQL/Power BI)

","TI135"
"  Sales Engineer for Data Science

","TI136"
"  Director of Big Data Platform, Strategic Analytics, Big Data

","TI137"
"  Sr. Data Scientist - Life Sciences

","TI138"
"  Director, Data Science

","TI139"
"  Business Analyst/Data Analyst

","TI140"
"  Big Data Consulting Architect

","TI141"
"  Big Data Developer

","TI142"
"  Data Analyst (Contract)

","TI143"
"  Data Scientist (Python)

","TI144"
"  Data Scientist (Multiple Levels) Adaptive Intelligent Applications (AI, Machine Learning, Predictive Modelling)-180015VS

","TI145"
"  Senior Data Science Recruiter

","TI146"
"  Junior Data Scientist - Top Secret clearance required

","TI147"
"  Data Scientist / Analyst

","TI148"
"  Big Data Solutions Architect

","TI149"
"  Sr. Data Scientist, Pricing and Inventory

","TI150"
"  Data Scientist Spine N902

","TI151"
"  Contract Technical Recruiter - Big Data

","TI152"
"  Director of Data Science | Job #12571

","TI153"
"  Director of Big Data  & Analytics

","TI154"
"  Data Steward/Data Analyst

","TI155"
"  Data Science Specialist

","TI156"
"  Software Engineer - Data Science

","TI157"
"  Marketing Data Scientist

","TI158"
"  Data Scientist (Neurobiology) - NIH - Bethesda, MD

","TI159"
"  Principal Data Scientist - Knowledge Graph & Representation

","TI160"
"  Player/Coach Post-Sales Engineer - Software - Pre-IPO Big Data Performance Start-Up

","TI161"
"  Computer Vision Data Analyst for a Virtual/Augmented Reality Start-Up in Sunnyvale, CA or Plantation, FL

","TI162"
"  Testing Data Scientist

","TI163"
"  Informatica Big Data Management

","TI164"
"  Data Science Analyst

","TI165"
"  Associate Data Analyst

","TI166"
"  Big Data Solutions Architect / Presales (Skills: Big Data, Hive, Hbase, Spark, Kafka) (US Work Location: Open)

","TI167"
"  Call Center Data Analyst/Bus Intell

","TI168"
"  Data Scientist, Optimization

","TI169"
"  Director of Advanced Analytics and Data Science

","TI170"
"  Data Scientist - Data Production Team

","TI171"
"  Data Analyst Engineer - Contract-to-Hire

","TI172"
"  Data Analyst Mobile Games

","TI173"
"  Entry Level Data Analyst

","TI174"
"  Data Scientist-Location Open

","TI175"
"  Vice President  Engineering and Data Science

","TI176"
"  Data Scientist | Global Data & Content

","TI177"
"  Expert Information Security Data Scientist

","TI178"
"  Big Data Java

","TI179"
"  Statistical Data Analyst

","TI180"
"  DATA SCIENTIST

","TI181"
"  Big Data QA Engineer

","TI182"
"  Big Data Architect/Big Data Engineer

","TI183"
"  Infosys<89><db><d2> Data Warehouse, ETL Testing/ Big Data Testing

","TI184"
"  Advanced Data Science Associate Director

","TI185"
"  Sr.  Data Analyst-Revenue Analytics

","TI186"
"  Big Data Support Engineer

","TI187"
"  Data Scientist (Biostatistics)

","TI188"
"  Data Analyst, Marketing Science

","TI189"
"  Sr. Financial Analyst - Data Mining/Analysis

","TI190"
"  Web Analytics Data Analyst

","TI191"
"  Sr. Data Scientist - Power Engineering Analytics

","TI192"
"  NEXTracker - Sr. Data Scientist

","TI193"
"  Big Data Engineer - Senior

","TI194"
"  Contract Business Data  Analyst

","TI195"
"  Hadoop Big-data Architect

","TI196"
"  Big Data Teradata Informatica / Systems Analyst

","TI197"
"  Senior Product Data Analyst

","TI198"
"  CRM Digital Data Analyst

","TI199"
"  Machine Learning / Data Science

","TI200"
"  Senior Data Analyst - Supply Chain

","TI201"
"  Sr. Data Analyst

","TI202"
"  Data Analyst (Supply Chain/Tableau/Alteryx) - May Reside Anywhere in the US - Up to 100% Travel Required

","TI203"
"  Director of Data Science - Consumer Goods

","TI204"
"  Sr. Big Data Developer

","TI205"
"  Senior Software Engineer in Data Science

","TI206"
"  Sr/Lead Data Scientist

","TI207"
"  Sr. Data Analyst Consultant

","TI208"
"  Senior Data Scientist, Research

","TI209"
"  Cloudera-Big Data Engineer

","TI210"
"  Senior Data Scientist/Analytics Engineer (Machine Learning/Big Data)

","TI211"
"  Data Scientist-Junior to Senior Level-Customer Focused Role-

","TI212"
"  Data Analyst/DataScientist - Raleigh, NC

","TI213"
"  Jr. Data Analyst

","TI214"
"  [TS/SCI] Data Scientist / Machine Learning Expert

","TI215"
"  Senior Machine Learning / Data Scientist

","TI216"
"  Biological Data Scientist / Statistician

","TI217"
"  Data Scientist (for $2B global manufacturer)

","TI218"
"  Sr. Data Analyst, Data Analytics & Audience Science

","TI219"
"  CCAR Business Data Analyst

","TI220"
"  Data Scientist/Data Engineer

","TI221"
"  VP, Data Science

","TI222"
"  Data Analyst (Healthcare)

","TI223"
"  Program Director, Online Data Science Bootcamp

","TI224"
"  Vice President of Data Science

","TI225"
"  Data Scientist - Marketing

","TI226"
"  Principal Data Scientist - Deep Learning

","TI227"
"  Full Stack Data Scientist

","TI228"
"  Director of Data Science (Technology Startup)

","TI229"
"  Data Engineer - Big Data

","TI230"
"  Senior Big Data Engineer

","TI231"
"  Quantitative Trading Data Scientist

","TI232"
"  Data Scientist/ Researcher

","TI233"
"  Deep Learning Data Scientist

","TI234"
"  Software Engineer - Big Data

","TI235"
"  Data Scientist/Machine Learning - Brain Power

","TI236"
"  VP of Data Science

","TI237"
"  Big Data Engineer Lead

","TI238"
"  Data Scientist - Research Engineer

","TI239"
"  Senior Engineer, Big Data

","TI240"
"  Data Scientist - Client Strategy Office

","TI241"
"  Data Science Analyst- SAS Programming

","TI242"
"  Big data Engineer

","TI243"
"  Director, Mobile Data Science

","TI244"
"  Product/ Innovation Owner (Big Data- Python/ R/ SQL)

","TI245"
"  Director of Quantitative Development/Data Science

","TI246"
"  Jr. Data Analyst ($30/hr)

","TI247"
"  QA/Data Analyst

","TI248"
"  Data Scientist 1

","TI249"
"  Sr.  Analyst, Data Science

","TI250"
"  Junior Data Analyst

","TI251"
"  109751 - Business/Data Analyst

","TI252"
"  Data Scientist - Top Secret clearance required

","TI253"
"Data Science Quant Developer | 2019 Grad","TI254"
"DATA SCIENCE -INTERN","TI255"
"Data Science Internship, Summer 2019","TI256"
"Internships, Data Strategy/Data Science- Summer '19","TI257"
"Data Science Analyst - Genetics and Genomic Sciences","TI258"
"Music Research Analyst","TI259"
"Data Engineer, ETL","TI260"
"Data Engineer","TI261"
"Full-time Research Engineer at the NYU Visualization, Imaging and Data Analysis (VIDA) Center","TI262"
"Data Science/Machine Learning Software Engineer","TI263"
"Postdoctoral Researcher, Core Data Science (PhD University Grad)","TI264"
"Data & Research Analyst","TI265"
"Staff Engineer, Data","TI266"
"Data Analyst","TI267"
"Data Center Operations Engineer","TI268"
"Marketing Data Science Consultant","TI269"
"Director, Data Science Engineering","TI270"
"Data Scientist","TI271"
"GumGum Sports Business Analyst","TI272"
"Senior Associate, Data Sciences","TI273"
"Research Analyst, Healthcare- Pharmaceuticals","TI274"
"Data Engineer - Summer Intern - University Students","TI275"
"Travel Analyst","TI276"
"Data Science Intern (Jersey City) Summer 2019","TI277"
"Associate Data Analyst/Engineer","TI278"
"Operations Analyst","TI279"
"Real Estate Analyst","TI280"
"Associate, Data Scientist","TI281"
"Business Analyst- Data Products","TI282"
"Senior Director, Data Science","TI283"
"Advertising Research Analyst","TI284"
"Asset Management Analyst","TI285"
"Statistician","TI286"
"Data Science Engineer","TI287"
"Engineering Director, Data Science","TI288"
"Research Data Analyst","TI289"
"Software Engineer, Machine Learning","TI290"
"Data Engineer II","TI291"
"PMC: Data Engineer","TI292"
"Research Analyst Audience Insights","TI293"
"Data Scientist - Media","TI294"
"Senior Data Analyst","TI295"
"Data Engineer, Business Intelligence","TI296"
"Research Analyst, Poverty Probability Index (PPI®)","TI297"
"Analyst, New York Research","TI298"
"OGIQ Research Analyst","TI299"
"Assistant Professor-Computer Science/Data Science","TI300"
"Principal Associate, Data Scientist","TI301"
"Data Warehouse/Business Intelligence Engineer","TI302"
"Equity Research Analyst - Milwaukee, WI or New York, NY","TI303"
"Catastrophe Risk Research Analyst","TI304"
"Forecasting Data Scientist","TI305"
"Data Engineer - Center of Data Science Team","TI306"
"Housing Analyst","TI307"
"Investment Manager Research Analyst","TI308"
"Data Engineer (US 0365)","TI309"
"Assistant Vice President - Data Science Business Strategist","TI310"
"Analytics Coordinator, Creative Testing (Jr. Analyst)","TI311"
"Advanced Analyst","TI312"
"Associate Research Scientist - Data Science & Precision Medi","TI313"
"Data Platform Engineer","TI314"
"Principal Data Scientist","TI315"
"Data Scientist, RBC Amplify - 2019","TI316"
"IBCM, PMG – Credit Research Analyst, ANL-ASO, New York","TI317"
"Analyst - Credit Research","TI318"
"Market Data Support Engineer","TI319"
"Data Engineer, In Our Backyards Campaign","TI320"
"Media Data Warehouse Engineer","TI321"
"Ultimate Hoops Statistician","TI322"
"Data Platform Engineer / Hadoop Operations Engineer","TI323"
"Lead Data Scientist","TI324"
"Data Scientist - Portfolio Management Strategy and Analytics-New York, NY","TI325"
"Research Analyst","TI326"
"FinTech Senior Associate - Data Scientist","TI327"
"Data Software Dev Engineer II","TI328"
"Project Manager and Research Analyst Intern","TI329"
"Data Scientist - Marketing","TI330"
"Data Engineer - AWS","TI331"
"Market Analyst","TI332"
"Attribution Ad Sales Research Analyst","TI333"
"Business Analyst, CX","TI334"
"Data Science Professional , Assistant Vice President","TI335"
"Analytics & Insights Senior Data Analyst","TI336"
"POLICY and OPERSTIONS RESEARCH | ANALYST","TI337"
"Sr. Data Engineer","TI338"
"Senior Strategy & Data Analyst, Groups","TI339"
"Software Engineer: Intern 2019 - Data/Systems","TI340"
"Market Research Analyst","TI341"
"VP of Data Science in Adtech","TI342"
"Senior Analyst, Data Scientist","TI343"
"Analyst - ILS Proprietary Trading Desk","TI344"
"Full-Stack Software Engineer (N910) Data Sciences","TI345"
"Junior UX Research Analyst","TI346"
"Data Engineer - Business Intelligence","TI347"
"Senior Analyst, M&A","TI348"
"Data Engineer, Various Data Engineering Teams","TI349"
"Digital Analyst","TI350"
"Credit Research Analyst","TI351"
"Machine Learning Engineer/Data Scientist","TI352"
"Leveraged Loan Research Analyst","TI353"
"International Research Analyst","TI354"
"18009346 - Mgr/Sr. Mgr - Data Scientist - Customer Data Science","TI355"
"Sr. Data Scientist","TI356"
"Serve Jersey City - Community Research Analyst","TI357"
"Operations Research Analyst","TI358"
"Quantitative Data Engineer","TI359"
"Data Scientist/Engineer in NYC","TI360"
"Customer Analytics Analyst (Temporary Position)","TI361"
"Data Scientist/Senior Data Scientist","TI362"
"Software Engineer, Data","TI363"
"Quantitative Researcher in Machine Learning","TI364"
"Operations Analyst - Xtract Research","TI365"
"HCM, Reporting and Metrics – Talent Reporting, Analyst/Associate – New York","TI366"
"Senior Research Analyst","TI367"
"Quantitative Analyst/Data Scientist, Global Structured Finance Analytics","TI368"
"Market Research Analyst - Analyst Development Program","TI369"
"Senior Software Engineer - Data Platforms","TI370"
"Senior Data Scientist","TI371"
"Data/Cloud Engineer","TI372"
"Senior Research Analyst - New York","TI373"
"Insights Engineering Analyst","TI374"
"Senior Research Analyst, Renewables Technology","TI375"
"Data Center Engineer","TI376"
"Senior Strategic Analyst / Data Scientist","TI377"
"Senior Analyst, Research Reporting & Analytics","TI378"
"Data Scientist - Machine Learning - 262253","TI379"
"Sr. Data Science Manager","TI380"
"Deutsche Bank Analyst Internship Programme – Fixed Income & Currencies Research","TI381"
"Data Center Infrastructure Engineer","TI382"
"Research Analyst/Resource Manager","TI383"
"Equity Research Analyst (Industrials Sector)","TI384"
"Senior Associate Principal Scientist- Data Science","TI385"
"Research Analyst/Manager","TI386"
"Staff TechOps Engineer, Data Platforms","TI387"
"Oath Analytics Data Engineer","TI388"
"Senior Data Analyst - Data Monitoring","TI389"
"Digital Data Scientist - Marketing Analyst","TI390"
"QUALITY IMPROVEMENT RESEARCH ANALYST - SURGERY","TI391"
"Senior Data Scientist/Machine Learning Engineer","TI392"
"Sr. Software Engineer - Data Pipeline","TI393"
"Lead HL7 Interface Developer (Manager of Administration. MIS), Data Sciences & Support","TI394"
"Data/NLP Scientist, Decision Analytics","TI395"
"IT Analyst II - Artificial Intelligence","TI396"
"New Opening: Market Data Engineer (Investment Banking) New York 18-11992","TI397"
"Summer Internship Technology - Business Analyst/Project Management Track","TI398"
"Research Analyst Human Capital","TI399"
"Corporate Research Analyst - Global Fixed Income","TI400"
"Sr. Research Analyst","TI401"
"Data Science Undergraduate Internship","TI402"
"VP, Data Science","TI403"
"Intern, Data Science - Engineering - Part-Time","TI404"
"Junior Data Scientist","TI405"
"Data Science Internship - Summer 2019","TI406"
"Data Science Analyst","TI407"
"Data Science Intern (2019)","TI408"
"Data Engineer, Baseball Operations","TI409"
"Associate Director, Data Science","TI410"
"Data Scientist, Intern (2019)","TI411"
"Director, Member Data Science","TI412"
"Manager, Data Science","TI413"
"Curriculum Engineer - Data","TI414"
"2018 S&P Global Platts Data Scientist Internship","TI415"
"Data Engineer Internship","TI416"
"Underwriting Data Scientist","TI417"
"Data Science (Python) Consultant","TI418"
"Data Scientist - Data Science Core","TI419"
"Customer Insights Analyst, Data Science, CIEM","TI420"
"Data scientist","TI421"
"US Data Scientist, Pet Nutrition - Mars Petcare","TI422"
"AM- Data Engineer- Machine Learning Workloads","TI423"
"Data Scientist - Innovation Lab","TI424"
"Summer Internship – Data Scientist","TI425"
"Associate Data Scientist","TI426"
"Insights Data Scientist","TI427"
"Data Science Lead","TI428"
"PMC: Data Scientist","TI429"
"Sr. Data Analyst, Data Analytics & Audience Science","TI430"
"Associate, Data Sciences","TI431"
"Data Scientist, Engineering","TI432"
"VP of Data Science","TI433"
"Part Time Data Science Instructor","TI434"
"Data Scientist, Group Benefits and Middle Market P&C","TI435"
"Data Scientist - Investment Bank","TI436"
"Graduate Intern- Data Analyst","TI437"
"Data Science Manager","TI438"
"Data Science Bell Labs Spring Coop","TI439"
"Research Analyst - Entry Level, Syndicated Health","TI440"
"Data Scientist - Hedge Fund - Manhattan & Stanford CT","TI441"
"Fall 2018 Internship, Data Science Practica (New York, NY)","TI442"
"Adjunct Associate Faculty role, Machine Learning, (Online/REMOTE)","TI443"
"Data Scientist (EFT Analytics)","TI444"
"Data Scientist, Markets Research","TI445"
"Senior Scientist I- Data Science","TI446"
"Research Analyst, Research Transparency & Data Accountability","TI447"
"Data Scientist, Analytics","TI448"
"GSAM Technology - Data Science and Machine Learning Engineer","TI449"
"Data Science/Advanced Analytics Consultant","TI450"
"Full Stack Engineer - Data Science","TI451"
"Flatiron School- Lead Data Science Instructor","TI452"
"VP Digital Analytics and Data Science","TI453"
"Analyst, Customer Research & Insights","TI454"
"Associate Director, Data Science (2018030)","TI455"
"2019 PhD Data Scientist Internship - UberEverything - New York","TI456"
"CORE studio Data Science Intern","TI457"
"Machine Learning Intern","TI458"
"Symantec Data Loss Prevention Engineer - Long term contract","TI459"
"Data Science Manager - Customer Insights","TI460"
"Data Analyst (Grants & Contracts)","TI461"
"Data Scientist, Magellan Presales","TI462"
"Data Scientist - Catastrophe Analytics","TI463"
"Applied Data Scientist","TI464"
"Data Scientist - Bomoda","TI465"
"Data Engineer, People Analytics","TI466"
"Data Science, Sr. Associate (Programmatic)","TI467"
"Data Sciences Intern","TI468"
"DATA SCIENTIST","TI469"
"Data Insights Engineer","TI470"
"Data Strategy/Machine Learning BA","TI471"
"Data Science Director","TI472"
"#Data Science - NYC - NY","TI473"
"EDD Research Analyst","TI474"
"Yield Analyst","TI475"
"Lead Data Engineer","TI476"
"Data Center Operations Engineer/IT Facility Management","TI477"
"Analytics Analyst","TI478"
"Research Data Scientist","TI479"
"Venture Capital Analyst - Data Scientist","TI480"
"Sr. Data Analytics Engineer","TI481"
"Data Integration Engineer","TI482"
"Data Scientist - NYC","TI483"
"Associate Director - Methodologist / Statistician - Advanced Analytics","TI484"
"Product Manager | Data Science | Applications","TI485"
"Data Science & Tagging Analyst","TI486"
"Data Science Expert","TI487"
"Expert Data Science and Tagging Analyst","TI488"
"Analyst I, Data Science","TI489"
"Principal Statistical Analyst / Data Scientist","TI490"
"Lead Predictive Modeler (Data Scientist)","TI491"
"Principal Statistician","TI492"
"Statistician/ Data Scientist Level IV with TS/SCI clearance","TI493"
"Statistical Analyst","TI494"
"Data Methodologist / Senior Statistician","TI495"
"Data Science Lead, Senior","TI496"
"SAS Statistical Analyst","TI497"
"Statistical Consultant, Senior","TI498"
"Statistician IV","TI499"
"Statistician Technical Specialist","TI500"
"Data scientist / Machine learning Engg","TI501"
"Senior Statistical Analyst","TI502"
"Statistical Research Specialist","TI503"
"Biometrician II / Biometrician III","TI504"
"Advanced Analytics Modeler (Corporate Office - Maryland)","TI505"
"Sr. Predictive Modeling Analyst","TI506"
"Senior Manager, Statistical Methodology","TI507"
"Statistician II","TI508"
"Senior Statistician","TI509"
"APPLIED STATISTICIAN - SENIOR","TI510"
"Statistics and Probability Analyst","TI511"
"Chief Data Scientist","TI512"
"Open Data Platforms Data Strategist","TI513"
"Bioanalytical Statistician","TI514"
"Senior Data Scientist (Biology / Crop Genetics)","TI515"
"Data Scientist - Big Data","TI516"
"Analytics Data Scientist - Machine Learning","TI517"
"Senior Data Scientist - Machine Learning","TI518"
"Data Scientists","TI519"
"New Opening: Data Scientist in Rockville - 18-11736","TI520"
"Data Scientist Journeyman","TI521"
"Data Scientist - Senior","TI522"
"Data Scientist/ Engineer","TI523"
"Data Scientist - Expert","TI524"
"DATA SCIENTIST - INTERMEDIATE","TI525"
"Machine Learning Engineer / Data Scientist","TI526"
"Senior Data Scientist, Advanced Analytics","TI527"
"Data Strategist, Senior","TI528"
"Senior Data Scientist (Marketing)","TI529"
"Data Scientist IV","TI530"
"Services Data Scientist","TI531"
"DATA SCIENTIST - SENIOR","TI532"
"Data Scientist (Python, R, Machine Learning)","TI533"
"Data Scientist II","TI534"
"Data Scientist (USMC)","TI535"
"Proteomics Data Scientist","TI536"
"Computer Vision Data Scientist","TI537"
"Data Scientist (Corporate)","TI538"
"Senior Marketing Data Scientist","TI539"
"Big Data Scientist","TI540"
"Data Scientist III","TI541"
"Sr Data Scientist","TI542"
"Biostatistician","TI543"
"Senior Data Scientist - Pricing & Inventory Models","TI544"
"Data Scientist/Data Mining","TI545"
"Data Scientist - Stable Company - 150K","TI546"
"Journeyman - Data Scientist","TI547"
"Machine Learning Data Scientist II-III (778-600)","TI548"
"Marketing Senior Data Scientist","TI549"
"Senior - Data Scientist","TI550"
"Data Scientist - Machine learning","TI551"
"Data Science Engineer - APPL ENG - PROF SR (U)","TI552"
"Sr. Engineer - Artificial Intelligence","TI553"
"Senior Statistician Clinical Development","TI554"
"AWS Big Data Scientist - New York - $150K","TI555"
"Data Scientist/Analyst, Lead","TI556"
"Data Science/Operations Research Analyst, Mid","TI557"
"Data Scientist-NYC-$150k+ bonus","TI558"
"Senior Big Data Scientist - Boston, MA - $140-160K","TI559"
"Data Scientist/Machine Learning Engineer, Lead","TI560"
"Machine Learning Research Scientist","TI561"
"Machine Learning and Artificial Intelligence Scientist W2","TI562"
"Data Scientist, Senior","TI563"
"Computer Science Data Scientist","TI564"
"Operations Data Analyst","TI565"
"Principal Machine Learning Research Scientist","TI566"
"Operations Data Analyst(Advanced Analytics Analyst Sr)-PS13298","TI567"
"SR Data Scientist","TI568"
"Biostatistician (SC4)","TI569"
"Continuous Improvement Analyst","TI570"
"Data Engineer Machine Learning","TI571"
"Machine Learning Lead Engineer","TI572"
"Chief Scientist,Artificial Intelligence & Game Theory (AIGT)","TI573"
"Staff (Senior level) Biostatistician","TI574"
"Biostatistician II","TI575"
"Data Scientist (Quantitative)","TI576"
"SIGINT Data Scientist, Senior","TI577"
"Taxonomist","TI578"
"Senior Data Scientist-NYC-$160k-200k","TI579"
"Senior Mission/Operations Data Analyst","TI580"
"Lead Engineer, Sports Science IoT Algorithm Dev.","TI581"
"Machine Learning Engineer","TI582"
"Service Operations Analyst","TI583"
"Data Scientist with Machine Learning","TI584"
"Analyst, Research","TI585"
"Reliability Engineer","TI586"
"Sr. Computer Scientist","TI587"
"Cyber Ops Research Analyst","TI588"
"Cyber Ops Research Analyst III","TI589"
"Cyber Ops Research Analyst I","TI590"
"Machine Learning Engineer, Senior","TI591"
"Sr. Operations Research Analyst","TI592"
"R&D Engineer 3","TI593"
"ADAS Algorithm Developer","TI594"
"Reliability Engineer IV","TI595"
"Operations Research Analyst Technical Specialist","TI596"
"Distinguished Engineer - Artificial Intelligence & Machine Learning","TI597"
"R&D Engineer","TI598"
"Maintenance Reliability Engineer (Electrical)","TI599"
"Process Analyst - Falls Church, VA - Secret","TI600"
"IT Process Analyst","TI601"
"Machine Learning Software Engineer","TI602"
"Operation Research Analyst","TI603"
"Machine Learning/Data Engineer-160k-Chicago","TI604"
"Data Science Intern","TI605"
"Senior Tableau Engineer","TI606"
"Installations Mission Capacity Analyst","TI607"
"Financial Data Analyst","TI608"
"Data Science -2019 Summer Intern","TI609"
"Finance Analyst","TI610"
"Associate Actuary","TI611"
"Senior Financial Analyst","TI612"
"Financial Systems Analyst","TI613"
"Senior Finance Analyst","TI614"
"Data Science Intern (Summer 2019)","TI615"
"Portfolio Analyst-Fixed Income-Omaha, NE","TI616"
"Senior Analyst, Payer Operations","TI617"
"Financial Analyst I - III","TI618"
"Financial Analyst","TI619"
"SSP Revenue & Reconciliation Analyst","TI620"
"Senior Finance Administrator","TI621"
"Sr. Financial Analyst","TI622"
"Senior Financial Analyst - Operations","TI623"
"Senior Financial Operations Analyst","TI624"
"Statistician III","TI625"
"Financial Analyst Job in Fort Washington, PA","TI626"
"Financial Analyst Job in Rancho Cordova Area","TI627"
"Senior Financial/Operations Analyst","TI628"
"SAS Data Analyst","TI629"
"Senior Software Engineer, Machine Learning","TI630"
"Statistician - NJ","TI631"
"Performance Improvement Specialist","TI632"
"Sr. Healthcare Revenue Analyst- Network Development & Acquisitions","TI633"
"Process Improvement Analyst I/II","TI634"
"Senior Health Care Financial Analyst","TI635"
"IT Financial Planning Analyst","TI636"
"Financial Analysts","TI637"
"Senior Retirement Consulting Actuarial Analyst","TI638"
"HEOR Modeler","TI639"
"Junior Data Scientist (0-5 years)","TI640"
"Financial/Business Analysts","TI641"
"5213 - Finance Analyst Supervisor - Finance Department (Financial Transactions Division)","TI642"
"Clinical Project Statistician","TI643"
"Assistant Actuary","TI644"
"Financial/Data Analyst (11288-417)","TI645"
"Analyst - Financial Cost","TI646"
"Financial Analyst | WSLS","TI647"
"Predictive Modeler II","TI648"
"Sr. Splunk Engineer","TI649"
"Sr Financial Analyst - (Modeling)","TI650"
"Senior Financial Analyst - 21806 ACCT","TI651"
"Project Statistician","TI652"
"Predictive Modeler","TI653"
"Performance Analyst","TI654"
"Senior Financial Analyst, FP&A","TI655"
